<?xml version="1.0" encoding="UTF-8"?>
<EnsembleReport name="jtag_uart" kind="system" version="18.1" fabric="QSYS">
 <!-- Format version 18.1 625 (Future versions may contain additional information.) -->
 <!-- 2023.06.20.13:00:16 -->
 <!-- A collection of modules and connections -->
 <parameter name="clockCrossingAdapter">
  <type>com.altera.sopcmodel.ensemble.EClockAdapter</type>
  <value>HANDSHAKE</value>
  <derived>false</derived>
  <enabled>true</enabled>
  <visible>true</visible>
  <valid>true</valid>
 </parameter>
 <parameter name="device">
  <type>java.lang.String</type>
  <value>10M50DAF484C7G</value>
  <derived>false</derived>
  <enabled>true</enabled>
  <visible>true</visible>
  <valid>true</valid>
 </parameter>
 <parameter name="deviceFamily">
  <type>java.lang.String</type>
  <value>MAX10FPGA</value>
  <derived>false</derived>
  <enabled>true</enabled>
  <visible>true</visible>
  <valid>true</valid>
 </parameter>
 <parameter name="deviceSpeedGrade">
  <type>java.lang.String</type>
  <value>7</value>
  <derived>false</derived>
  <enabled>true</enabled>
  <visible>false</visible>
  <valid>true</valid>
 </parameter>
 <parameter name="fabricMode">
  <type>com.altera.sopcmodel.ensemble.Ensemble$EFabricMode</type>
  <value>QSYS</value>
  <derived>false</derived>
  <enabled>true</enabled>
  <visible>false</visible>
  <valid>true</valid>
 </parameter>
 <parameter name="generateLegacySim">
  <type>boolean</type>
  <value>false</value>
  <derived>false</derived>
  <enabled>true</enabled>
  <visible>false</visible>
  <valid>true</valid>
 </parameter>
 <parameter name="generationId">
  <type>int</type>
  <value>1687230015</value>
  <derived>false</derived>
  <enabled>true</enabled>
  <visible>true</visible>
  <valid>true</valid>
 </parameter>
 <parameter name="globalResetBus">
  <type>boolean</type>
  <value>false</value>
  <derived>false</derived>
  <enabled>true</enabled>
  <visible>false</visible>
  <valid>true</valid>
 </parameter>
 <parameter name="hdlLanguage">
  <type>com.altera.entityinterfaces.moduleext.IModuleGenerateHDL$HDLLanguage</type>
  <value>VERILOG</value>
  <derived>false</derived>
  <enabled>false</enabled>
  <visible>false</visible>
  <valid>true</valid>
 </parameter>
 <parameter name="hideFromIPCatalog">
  <type>boolean</type>
  <value>false</value>
  <derived>false</derived>
  <enabled>true</enabled>
  <visible>true</visible>
  <valid>true</valid>
 </parameter>
 <parameter name="lockedInterfaceDefinition">
  <type>com.altera.sopcmodel.definition.BoundaryDefinition</type>
  <value></value>
  <derived>false</derived>
  <enabled>true</enabled>
  <visible>false</visible>
  <valid>true</valid>
 </parameter>
 <parameter name="maxAdditionalLatency">
  <type>int</type>
  <value>1</value>
  <derived>false</derived>
  <enabled>true</enabled>
  <visible>true</visible>
  <valid>true</valid>
 </parameter>
 <parameter name="projectName">
  <type>java.lang.String</type>
  <value></value>
  <derived>false</derived>
  <enabled>true</enabled>
  <visible>false</visible>
  <valid>true</valid>
 </parameter>
 <parameter name="sopcBorderPoints">
  <type>boolean</type>
  <value>false</value>
  <derived>false</derived>
  <enabled>true</enabled>
  <visible>false</visible>
  <valid>true</valid>
 </parameter>
 <parameter name="systemHash">
  <type>long</type>
  <value>0</value>
  <derived>false</derived>
  <enabled>true</enabled>
  <visible>false</visible>
  <valid>true</valid>
 </parameter>
 <parameter name="testBenchDutName">
  <type>java.lang.String</type>
  <value></value>
  <derived>false</derived>
  <enabled>true</enabled>
  <visible>false</visible>
  <valid>true</valid>
 </parameter>
 <parameter name="timeStamp">
  <type>long</type>
  <value>0</value>
  <derived>false</derived>
  <enabled>true</enabled>
  <visible>false</visible>
  <valid>true</valid>
 </parameter>
 <parameter name="useTestBenchNamingPattern">
  <type>boolean</type>
  <value>false</value>
  <derived>false</derived>
  <enabled>true</enabled>
  <visible>false</visible>
  <valid>true</valid>
 </parameter>
 <module
   name="jtag_uart_0"
   kind="altera_avalon_jtag_uart"
   version="18.1"
   path="jtag_uart_0">
  <!-- Describes a single module. Module parameters are
the requested settings for a module instance. -->
  <assignment>
   <name>embeddedsw.CMacro.READ_DEPTH</name>
   <value>8</value>
  </assignment>
  <assignment>
   <name>embeddedsw.CMacro.READ_THRESHOLD</name>
   <value>8</value>
  </assignment>
  <assignment>
   <name>embeddedsw.CMacro.WRITE_DEPTH</name>
   <value>8</value>
  </assignment>
  <assignment>
   <name>embeddedsw.CMacro.WRITE_THRESHOLD</name>
   <value>8</value>
  </assignment>
  <assignment>
   <name>embeddedsw.dts.compatible</name>
   <value>altr,juart-1.0</value>
  </assignment>
  <assignment>
   <name>embeddedsw.dts.group</name>
   <value>serial</value>
  </assignment>
  <assignment>
   <name>embeddedsw.dts.name</name>
   <value>juart</value>
  </assignment>
  <assignment>
   <name>embeddedsw.dts.vendor</name>
   <value>altr</value>
  </assignment>
  <parameter name="allowMultipleConnections">
   <type>boolean</type>
   <value>false</value>
   <derived>false</derived>
   <enabled>true</enabled>
   <visible>false</visible>
   <valid>true</valid>
  </parameter>
  <parameter name="hubInstanceID">
   <type>int</type>
   <value>0</value>
   <derived>false</derived>
   <enabled>true</enabled>
   <visible>false</visible>
   <valid>true</valid>
  </parameter>
  <parameter name="readBufferDepth">
   <type>int</type>
   <value>8</value>
   <derived>false</derived>
   <enabled>true</enabled>
   <visible>true</visible>
   <valid>true</valid>
  </parameter>
  <parameter name="readIRQThreshold">
   <type>int</type>
   <value>8</value>
   <derived>false</derived>
   <enabled>true</enabled>
   <visible>true</visible>
   <valid>true</valid>
  </parameter>
  <parameter name="simInputCharacterStream">
   <type>java.lang.String</type>
   <value></value>
   <derived>false</derived>
   <enabled>false</enabled>
   <visible>false</visible>
   <valid>true</valid>
  </parameter>
  <parameter name="simInteractiveOptions">
   <type>java.lang.String</type>
   <value>NO_INTERACTIVE_WINDOWS</value>
   <derived>false</derived>
   <enabled>true</enabled>
   <visible>false</visible>
   <valid>true</valid>
  </parameter>
  <parameter name="useRegistersForReadBuffer">
   <type>boolean</type>
   <value>false</value>
   <derived>false</derived>
   <enabled>true</enabled>
   <visible>true</visible>
   <valid>true</valid>
  </parameter>
  <parameter name="useRegistersForWriteBuffer">
   <type>boolean</type>
   <value>false</value>
   <derived>false</derived>
   <enabled>true</enabled>
   <visible>true</visible>
   <valid>true</valid>
  </parameter>
  <parameter name="useRelativePathForSimFile">
   <type>boolean</type>
   <value>false</value>
   <derived>false</derived>
   <enabled>true</enabled>
   <visible>false</visible>
   <valid>true</valid>
  </parameter>
  <parameter name="writeBufferDepth">
   <type>int</type>
   <value>8</value>
   <derived>false</derived>
   <enabled>true</enabled>
   <visible>true</visible>
   <valid>true</valid>
  </parameter>
  <parameter name="writeIRQThreshold">
   <type>int</type>
   <value>8</value>
   <derived>false</derived>
   <enabled>true</enabled>
   <visible>true</visible>
   <valid>true</valid>
  </parameter>
  <parameter name="clkFreq">
   <type>long</type>
   <value>0</value>
   <derived>false</derived>
   <enabled>true</enabled>
   <visible>false</visible>
   <valid>true</valid>
   <sysinfo_type>CLOCK_RATE</sysinfo_type>
   <sysinfo_arg>clk</sysinfo_arg>
  </parameter>
  <parameter name="avalonSpec">
   <type>java.lang.String</type>
   <value>2.0</value>
   <derived>false</derived>
   <enabled>true</enabled>
   <visible>false</visible>
   <valid>true</valid>
   <sysinfo_type>AVALON_SPEC</sysinfo_type>
  </parameter>
  <parameter name="legacySignalAllow">
   <type>boolean</type>
   <value>false</value>
   <derived>true</derived>
   <enabled>true</enabled>
   <visible>false</visible>
   <valid>true</valid>
  </parameter>
  <parameter name="enableInteractiveInput">
   <type>boolean</type>
   <value>false</value>
   <derived>true</derived>
   <enabled>true</enabled>
   <visible>false</visible>
   <valid>true</valid>
  </parameter>
  <parameter name="enableInteractiveOutput">
   <type>boolean</type>
   <value>false</value>
   <derived>true</derived>
   <enabled>true</enabled>
   <visible>false</visible>
   <valid>true</valid>
  </parameter>
  <parameter name="deviceFamily">
   <type>java.lang.String</type>
   <value>UNKNOWN</value>
   <derived>false</derived>
   <enabled>true</enabled>
   <visible>true</visible>
   <valid>true</valid>
  </parameter>
  <parameter name="generateLegacySim">
   <type>boolean</type>
   <value>false</value>
   <derived>false</derived>
   <enabled>true</enabled>
   <visible>true</visible>
   <valid>true</valid>
  </parameter>
  <interface name="clk" kind="clock_sink" version="18.1">
   <!-- The connection points exposed by a module instance for the
particular module parameters. Connection points and their
parameters are a RESULT of the module parameters. -->
   <parameter name="externallyDriven">
    <type>boolean</type>
    <value>false</value>
    <derived>false</derived>
    <enabled>true</enabled>
    <visible>false</visible>
    <valid>true</valid>
   </parameter>
   <parameter name="ptfSchematicName">
    <type>java.lang.String</type>
    <value></value>
    <derived>false</derived>
    <enabled>true</enabled>
    <visible>false</visible>
    <valid>true</valid>
   </parameter>
   <parameter name="deviceFamily">
    <type>java.lang.String</type>
    <value>UNKNOWN</value>
    <derived>false</derived>
    <enabled>true</enabled>
    <visible>true</visible>
    <valid>true</valid>
   </parameter>
   <parameter name="generateLegacySim">
    <type>boolean</type>
    <value>false</value>
    <derived>false</derived>
    <enabled>true</enabled>
    <visible>true</visible>
    <valid>true</valid>
   </parameter>
   <parameter name="clockRateKnown">
    <type>java.lang.Boolean</type>
    <value>false</value>
    <derived>true</derived>
    <enabled>true</enabled>
    <visible>false</visible>
    <valid>true</valid>
   </parameter>
   <parameter name="clockRate">
    <type>java.lang.Long</type>
    <value>0</value>
    <derived>true</derived>
    <enabled>true</enabled>
    <visible>false</visible>
    <valid>true</valid>
   </parameter>
   <type>clock</type>
   <isStart>false</isStart>
   <port>
    <name>clk</name>
    <direction>Input</direction>
    <width>1</width>
    <role>clk</role>
   </port>
  </interface>
  <interface name="reset" kind="reset_sink" version="18.1">
   <!-- The connection points exposed by a module instance for the
particular module parameters. Connection points and their
parameters are a RESULT of the module parameters. -->
   <parameter name="associatedClock">
    <type>java.lang.String</type>
    <value>clk</value>
    <derived>false</derived>
    <enabled>true</enabled>
    <visible>true</visible>
    <valid>true</valid>
   </parameter>
   <parameter name="synchronousEdges">
    <type>com.altera.sopcmodel.reset.Reset$Edges</type>
    <value>DEASSERT</value>
    <derived>false</derived>
    <enabled>true</enabled>
    <visible>true</visible>
    <valid>true</valid>
   </parameter>
   <parameter name="deviceFamily">
    <type>java.lang.String</type>
    <value>UNKNOWN</value>
    <derived>false</derived>
    <enabled>true</enabled>
    <visible>true</visible>
    <valid>true</valid>
   </parameter>
   <parameter name="generateLegacySim">
    <type>boolean</type>
    <value>false</value>
    <derived>false</derived>
    <enabled>true</enabled>
    <visible>true</visible>
    <valid>true</valid>
   </parameter>
   <type>reset</type>
   <isStart>false</isStart>
   <port>
    <name>rst_n</name>
    <direction>Input</direction>
    <width>1</width>
    <role>reset_n</role>
   </port>
  </interface>
  <interface name="avalon_jtag_slave" kind="avalon_slave" version="18.1">
   <!-- The connection points exposed by a module instance for the
particular module parameters. Connection points and their
parameters are a RESULT of the module parameters. -->
   <assignment>
    <name>embeddedsw.configuration.isFlash</name>
    <value>0</value>
   </assignment>
   <assignment>
    <name>embeddedsw.configuration.isMemoryDevice</name>
    <value>0</value>
   </assignment>
   <assignment>
    <name>embeddedsw.configuration.isNonVolatileStorage</name>
    <value>0</value>
   </assignment>
   <assignment>
    <name>embeddedsw.configuration.isPrintableDevice</name>
    <value>1</value>
   </assignment>
   <parameter name="addressAlignment">
    <type>com.altera.sopcmodel.avalon.AvalonConnectionPoint$AddressAlignment</type>
    <value>NATIVE</value>
    <derived>false</derived>
    <enabled>true</enabled>
    <visible>true</visible>
    <valid>true</valid>
   </parameter>
   <parameter name="addressGroup">
    <type>int</type>
    <value>0</value>
    <derived>false</derived>
    <enabled>true</enabled>
    <visible>false</visible>
    <valid>true</valid>
   </parameter>
   <parameter name="addressSpan">
    <type>java.math.BigInteger</type>
    <value>2</value>
    <derived>true</derived>
    <enabled>true</enabled>
    <visible>false</visible>
    <valid>true</valid>
   </parameter>
   <parameter name="addressUnits">
    <type>com.altera.sopcmodel.avalon.EAddrBurstUnits</type>
    <value>WORDS</value>
    <derived>false</derived>
    <enabled>true</enabled>
    <visible>true</visible>
    <valid>true</valid>
   </parameter>
   <parameter name="alwaysBurstMaxBurst">
    <type>boolean</type>
    <value>false</value>
    <derived>false</derived>
    <enabled>true</enabled>
    <visible>false</visible>
    <valid>true</valid>
   </parameter>
   <parameter name="associatedClock">
    <type>java.lang.String</type>
    <value>clk</value>
    <derived>false</derived>
    <enabled>true</enabled>
    <visible>true</visible>
    <valid>true</valid>
   </parameter>
   <parameter name="associatedReset">
    <type>java.lang.String</type>
    <value>reset</value>
    <derived>false</derived>
    <enabled>true</enabled>
    <visible>false</visible>
    <valid>true</valid>
   </parameter>
   <parameter name="bitsPerSymbol">
    <type>int</type>
    <value>8</value>
    <derived>false</derived>
    <enabled>true</enabled>
    <visible>false</visible>
    <valid>true</valid>
   </parameter>
   <parameter name="bridgedAddressOffset">
    <type>java.math.BigInteger</type>
    <value></value>
    <derived>false</derived>
    <enabled>true</enabled>
    <visible>false</visible>
    <valid>true</valid>
   </parameter>
   <parameter name="bridgesToMaster">
    <type>com.altera.entityinterfaces.IConnectionPoint</type>
    <value></value>
    <derived>false</derived>
    <enabled>true</enabled>
    <visible>false</visible>
    <valid>true</valid>
   </parameter>
   <parameter name="burstOnBurstBoundariesOnly">
    <type>boolean</type>
    <value>false</value>
    <derived>false</derived>
    <enabled>true</enabled>
    <visible>true</visible>
    <valid>true</valid>
   </parameter>
   <parameter name="burstcountUnits">
    <type>com.altera.sopcmodel.avalon.EAddrBurstUnits</type>
    <value>WORDS</value>
    <derived>false</derived>
    <enabled>true</enabled>
    <visible>false</visible>
    <valid>true</valid>
   </parameter>
   <parameter name="constantBurstBehavior">
    <type>boolean</type>
    <value>false</value>
    <derived>false</derived>
    <enabled>true</enabled>
    <visible>false</visible>
    <valid>true</valid>
   </parameter>
   <parameter name="explicitAddressSpan">
    <type>java.math.BigInteger</type>
    <value>0</value>
    <derived>false</derived>
    <enabled>true</enabled>
    <visible>true</visible>
    <valid>true</valid>
   </parameter>
   <parameter name="holdTime">
    <type>int</type>
    <value>0</value>
    <derived>false</derived>
    <enabled>true</enabled>
    <visible>true</visible>
    <valid>true</valid>
   </parameter>
   <parameter name="interleaveBursts">
    <type>boolean</type>
    <value>false</value>
    <derived>false</derived>
    <enabled>true</enabled>
    <visible>false</visible>
    <valid>true</valid>
   </parameter>
   <parameter name="isBigEndian">
    <type>boolean</type>
    <value>false</value>
    <derived>false</derived>
    <enabled>true</enabled>
    <visible>false</visible>
    <valid>true</valid>
   </parameter>
   <parameter name="isFlash">
    <type>boolean</type>
    <value>false</value>
    <derived>false</derived>
    <enabled>true</enabled>
    <visible>false</visible>
    <valid>true</valid>
   </parameter>
   <parameter name="isMemoryDevice">
    <type>boolean</type>
    <value>false</value>
    <derived>false</derived>
    <enabled>true</enabled>
    <visible>true</visible>
    <valid>true</valid>
   </parameter>
   <parameter name="isNonVolatileStorage">
    <type>boolean</type>
    <value>false</value>
    <derived>false</derived>
    <enabled>true</enabled>
    <visible>true</visible>
    <valid>true</valid>
   </parameter>
   <parameter name="linewrapBursts">
    <type>boolean</type>
    <value>false</value>
    <derived>false</derived>
    <enabled>true</enabled>
    <visible>true</visible>
    <valid>true</valid>
   </parameter>
   <parameter name="maximumPendingReadTransactions">
    <type>int</type>
    <value>0</value>
    <derived>false</derived>
    <enabled>false</enabled>
    <visible>true</visible>
    <valid>true</valid>
   </parameter>
   <parameter name="maximumPendingWriteTransactions">
    <type>int</type>
    <value>0</value>
    <derived>false</derived>
    <enabled>false</enabled>
    <visible>true</visible>
    <valid>true</valid>
   </parameter>
   <parameter name="minimumUninterruptedRunLength">
    <type>int</type>
    <value>1</value>
    <derived>false</derived>
    <enabled>true</enabled>
    <visible>false</visible>
    <valid>true</valid>
   </parameter>
   <parameter name="printableDevice">
    <type>boolean</type>
    <value>true</value>
    <derived>false</derived>
    <enabled>true</enabled>
    <visible>true</visible>
    <valid>true</valid>
   </parameter>
   <parameter name="readLatency">
    <type>int</type>
    <value>0</value>
    <derived>false</derived>
    <enabled>true</enabled>
    <visible>true</visible>
    <valid>true</valid>
   </parameter>
   <parameter name="readWaitStates">
    <type>int</type>
    <value>1</value>
    <derived>false</derived>
    <enabled>true</enabled>
    <visible>false</visible>
    <valid>true</valid>
   </parameter>
   <parameter name="readWaitTime">
    <type>int</type>
    <value>1</value>
    <derived>false</derived>
    <enabled>true</enabled>
    <visible>true</visible>
    <valid>true</valid>
   </parameter>
   <parameter name="registerIncomingSignals">
    <type>boolean</type>
    <value>false</value>
    <derived>false</derived>
    <enabled>true</enabled>
    <visible>false</visible>
    <valid>true</valid>
   </parameter>
   <parameter name="registerOutgoingSignals">
    <type>boolean</type>
    <value>false</value>
    <derived>false</derived>
    <enabled>true</enabled>
    <visible>false</visible>
    <valid>true</valid>
   </parameter>
   <parameter name="setupTime">
    <type>int</type>
    <value>0</value>
    <derived>false</derived>
    <enabled>true</enabled>
    <visible>true</visible>
    <valid>true</valid>
   </parameter>
   <parameter name="timingUnits">
    <type>com.altera.sopcmodel.avalon.TimingUnits</type>
    <value>Cycles</value>
    <derived>false</derived>
    <enabled>true</enabled>
    <visible>true</visible>
    <valid>true</valid>
   </parameter>
   <parameter name="transparentBridge">
    <type>boolean</type>
    <value>false</value>
    <derived>false</derived>
    <enabled>true</enabled>
    <visible>false</visible>
    <valid>true</valid>
   </parameter>
   <parameter name="wellBehavedWaitrequest">
    <type>boolean</type>
    <value>false</value>
    <derived>false</derived>
    <enabled>true</enabled>
    <visible>false</visible>
    <valid>true</valid>
   </parameter>
   <parameter name="writeLatency">
    <type>int</type>
    <value>0</value>
    <derived>false</derived>
    <enabled>true</enabled>
    <visible>false</visible>
    <valid>true</valid>
   </parameter>
   <parameter name="writeWaitStates">
    <type>int</type>
    <value>0</value>
    <derived>false</derived>
    <enabled>true</enabled>
    <visible>false</visible>
    <valid>true</valid>
   </parameter>
   <parameter name="writeWaitTime">
    <type>int</type>
    <value>0</value>
    <derived>false</derived>
    <enabled>true</enabled>
    <visible>true</visible>
    <valid>true</valid>
   </parameter>
   <parameter name="deviceFamily">
    <type>java.lang.String</type>
    <value>UNKNOWN</value>
    <derived>false</derived>
    <enabled>true</enabled>
    <visible>true</visible>
    <valid>true</valid>
   </parameter>
   <parameter name="generateLegacySim">
    <type>boolean</type>
    <value>false</value>
    <derived>false</derived>
    <enabled>true</enabled>
    <visible>true</visible>
    <valid>true</valid>
   </parameter>
   <type>avalon</type>
   <isStart>false</isStart>
   <port>
    <name>av_chipselect</name>
    <direction>Input</direction>
    <width>1</width>
    <role>chipselect</role>
   </port>
   <port>
    <name>av_address</name>
    <direction>Input</direction>
    <width>1</width>
    <role>address</role>
   </port>
   <port>
    <name>av_read_n</name>
    <direction>Input</direction>
    <width>1</width>
    <role>read_n</role>
   </port>
   <port>
    <name>av_readdata</name>
    <direction>Output</direction>
    <width>32</width>
    <role>readdata</role>
   </port>
   <port>
    <name>av_write_n</name>
    <direction>Input</direction>
    <width>1</width>
    <role>write_n</role>
   </port>
   <port>
    <name>av_writedata</name>
    <direction>Input</direction>
    <width>32</width>
    <role>writedata</role>
   </port>
   <port>
    <name>av_waitrequest</name>
    <direction>Output</direction>
    <width>1</width>
    <role>waitrequest</role>
   </port>
  </interface>
  <interface name="irq" kind="interrupt_sender" version="18.1">
   <!-- The connection points exposed by a module instance for the
particular module parameters. Connection points and their
parameters are a RESULT of the module parameters. -->
   <parameter name="associatedAddressablePoint">
    <type>com.altera.entityinterfaces.IConnectionPoint</type>
    <value>jtag_uart_0.avalon_jtag_slave</value>
    <derived>false</derived>
    <enabled>true</enabled>
    <visible>true</visible>
    <valid>true</valid>
   </parameter>
   <parameter name="associatedClock">
    <type>java.lang.String</type>
    <value>clk</value>
    <derived>false</derived>
    <enabled>true</enabled>
    <visible>false</visible>
    <valid>true</valid>
   </parameter>
   <parameter name="associatedReset">
    <type>java.lang.String</type>
    <value>reset</value>
    <derived>false</derived>
    <enabled>true</enabled>
    <visible>false</visible>
    <valid>true</valid>
   </parameter>
   <parameter name="bridgedReceiverOffset">
    <type>java.lang.Integer</type>
    <value></value>
    <derived>false</derived>
    <enabled>true</enabled>
    <visible>true</visible>
    <valid>true</valid>
   </parameter>
   <parameter name="bridgesToReceiver">
    <type>com.altera.entityinterfaces.IConnectionPoint</type>
    <value></value>
    <derived>false</derived>
    <enabled>true</enabled>
    <visible>true</visible>
    <valid>true</valid>
   </parameter>
   <parameter name="irqScheme">
    <type>com.altera.sopcmodel.interrupt.InterruptConnectionPoint$EIrqScheme</type>
    <value>NONE</value>
    <derived>false</derived>
    <enabled>true</enabled>
    <visible>false</visible>
    <valid>true</valid>
   </parameter>
   <parameter name="deviceFamily">
    <type>java.lang.String</type>
    <value>UNKNOWN</value>
    <derived>false</derived>
    <enabled>true</enabled>
    <visible>true</visible>
    <valid>true</valid>
   </parameter>
   <parameter name="generateLegacySim">
    <type>boolean</type>
    <value>false</value>
    <derived>false</derived>
    <enabled>true</enabled>
    <visible>true</visible>
    <valid>true</valid>
   </parameter>
   <type>interrupt</type>
   <isStart>false</isStart>
   <port>
    <name>av_irq</name>
    <direction>Output</direction>
    <width>1</width>
    <role>irq</role>
   </port>
  </interface>
 </module>
 <plugin>
  <instanceCount>1</instanceCount>
  <name>altera_avalon_jtag_uart</name>
  <type>com.altera.entityinterfaces.IElementClass</type>
  <subtype>com.altera.entityinterfaces.IModule</subtype>
  <displayName>JTAG UART Intel FPGA IP</displayName>
  <version>18.1</version>
 </plugin>
 <plugin>
  <instanceCount>1</instanceCount>
  <name>clock_sink</name>
  <type>com.altera.entityinterfaces.IElementClass</type>
  <subtype>com.altera.entityinterfaces.IMutableConnectionPoint</subtype>
  <displayName>Clock Input</displayName>
  <version>18.1</version>
 </plugin>
 <plugin>
  <instanceCount>1</instanceCount>
  <name>reset_sink</name>
  <type>com.altera.entityinterfaces.IElementClass</type>
  <subtype>com.altera.entityinterfaces.IMutableConnectionPoint</subtype>
  <displayName>Reset Input</displayName>
  <version>18.1</version>
 </plugin>
 <plugin>
  <instanceCount>1</instanceCount>
  <name>avalon_slave</name>
  <type>com.altera.entityinterfaces.IElementClass</type>
  <subtype>com.altera.entityinterfaces.IMutableConnectionPoint</subtype>
  <displayName>Avalon Memory Mapped Slave</displayName>
  <version>18.1</version>
 </plugin>
 <plugin>
  <instanceCount>1</instanceCount>
  <name>interrupt_sender</name>
  <type>com.altera.entityinterfaces.IElementClass</type>
  <subtype>com.altera.entityinterfaces.IMutableConnectionPoint</subtype>
  <displayName>Interrupt Sender</displayName>
  <version>18.1</version>
 </plugin>
 <reportVersion>18.1 625</reportVersion>
 <uniqueIdentifier>8CF8C5554A7500000188D6BEE943</uniqueIdentifier>
</EnsembleReport>
